John,Doe,51,118,Male
John,Doe,63,138,Male
John,Doe,70,126,Male
John,Doe,55,134,Male
John,Doe,64,136,Male
John,Doe,24,112,Male
John,Doe,37,105,Male
John,Doe,39,194,Male
John,Doe,57,179,Male
John,Doe,51,130,Male
John,Doe,57,111,Male
John,Doe,37,178,Male
John,Doe,63,197,Male
John,Doe,66,109,Male
John,Doe,23,158,Male
John,Doe,27,143,Male
John,Doe,70,172,Male
John,Doe,25,164,Male
John,Doe,51,181,Male
John,Doe,57,135,Male
John,Doe,49,131,Male
John,Doe,20,179,Male
John,Doe,54,144,Male
John,Doe,61,175,Male
John,Doe,19,172,Male
John,Doe,68,194,Male
John,Doe,66,124,Male
John,Doe,21,152,Male
John,Doe,61,107,Male
John,Doe,45,101,Male
John,Doe,36,161,Male
John,Doe,30,130,Male
John,Doe,27,169,Male
John,Doe,25,166,Male
John,Doe,66,177,Male
John,Doe,34,195,Male
John,Doe,20,127,Male
John,Doe,55,142,Male
John,Doe,21,158,Male
John,Doe,23,141,Male
John,Doe,25,116,Male
John,Doe,22,138,Male
John,Doe,51,125,Male
John,Doe,45,175,Male
John,Doe,52,162,Male
John,Doe,61,156,Male
John,Doe,32,173,Male
John,Doe,70,200,Male
John,Doe,21,174,Male
John,Doe,50,200,Male
John,Doe,34,117,Male
John,Doe,61,125,Male
John,Doe,39,100,Male
John,Doe,65,164,Male
John,Doe,46,164,Male
John,Doe,41,123,Male
John,Doe,69,112,Male
John,Doe,64,119,Male
John,Doe,46,187,Male
John,Doe,53,193,Male
John,Doe,26,139,Male
John,Doe,18,130,Male
John,Doe,68,175,Male
John,Doe,52,131,Male
John,Doe,32,172,Male
John,Doe,36,133,Male
John,Doe,69,110,Male
John,Doe,23,197,Male
John,Doe,35,183,Male
John,Doe,69,163,Male
John,Doe,36,189,Male
John,Doe,29,101,Male
John,Doe,27,158,Male
John,Doe,49,116,Male
John,Doe,62,180,Male
John,Doe,42,121,Male
John,Doe,21,169,Male
John,Doe,61,191,Male
John,Doe,27,153,Male
John,Doe,33,167,Male
John,Doe,36,159,Male
John,Doe,36,182,Male
John,Doe,33,111,Male
John,Doe,32,187,Male
John,Doe,18,192,Male
John,Doe,63,170,Male
John,Doe,65,103,Male
John,Doe,48,128,Male
John,Doe,27,199,Male
John,Doe,24,137,Male
John,Doe,26,150,Male
John,Doe,42,148,Male
John,Doe,31,113,Male
John,Doe,31,128,Male
John,Doe,32,119,Male
John,Doe,60,181,Male
John,Doe,46,130,Male
John,Doe,33,177,Male
John,Doe,46,139,Male
John,Doe,56,105,Male
John,Doe,34,172,Male
John,Doe,25,193,Male
John,Doe,68,176,Male
John,Doe,34,103,Male
John,Doe,23,155,Male
John,Doe,56,118,Male
John,Doe,39,193,Male
John,Doe,44,185,Male
John,Doe,24,188,Male
John,Doe,48,115,Male
John,Doe,63,199,Male
John,Doe,49,183,Male
John,Doe,24,104,Male
John,Doe,26,159,Male
John,Doe,57,181,Male
John,Doe,57,180,Male
John,Doe,32,106,Male
John,Doe,20,144,Male
John,Doe,36,153,Male
John,Doe,46,149,Male
John,Doe,61,122,Male
John,Doe,27,173,Male
John,Doe,42,162,Male
John,Doe,39,161,Male
John,Doe,60,144,Male
John,Doe,51,166,Male
John,Doe,61,157,Male
John,Doe,28,133,Male
John,Doe,24,132,Male
John,Doe,60,191,Male
John,Doe,49,173,Male
John,Doe,33,130,Male
John,Doe,60,193,Male
John,Doe,66,133,Male
John,Doe,64,106,Male
John,Doe,44,159,Male
John,Doe,36,107,Male
John,Doe,35,163,Male
John,Doe,61,187,Male
John,Doe,36,151,Male
John,Doe,51,156,Male
John,Doe,60,130,Male
John,Doe,27,109,Male
John,Doe,69,171,Male
John,Doe,63,173,Male
John,Doe,34,102,Male
John,Doe,56,163,Male
John,Doe,65,109,Male
John,Doe,67,187,Male
John,Doe,66,155,Male
John,Doe,55,107,Male
John,Doe,56,174,Male
John,Doe,68,104,Male
John,Doe,34,175,Male
John,Doe,30,158,Male
John,Doe,45,126,Male
John,Doe,69,130,Male
John,Doe,32,102,Male
John,Doe,67,200,Male
John,Doe,24,172,Male
John,Doe,68,121,Male
John,Doe,43,114,Male
John,Doe,57,146,Male
John,Doe,63,172,Male
John,Doe,27,124,Male
John,Doe,54,195,Male
John,Doe,68,181,Male
John,Doe,60,156,Male
John,Doe,62,106,Male
John,Doe,36,112,Male
John,Doe,59,123,Male
John,Doe,43,128,Male
John,Doe,29,105,Male
John,Doe,21,142,Male
John,Doe,36,188,Male
John,Doe,27,195,Male
John,Doe,57,120,Male
John,Doe,49,149,Male
John,Doe,49,159,Male
John,Doe,70,148,Male
John,Doe,27,159,Male
John,Doe,48,200,Male
John,Doe,65,157,Male
John,Doe,34,116,Male
John,Doe,44,172,Male
John,Doe,28,187,Male
John,Doe,52,100,Male
John,Doe,67,172,Male
John,Doe,57,119,Male
John,Doe,67,169,Male
John,Doe,39,144,Male
John,Doe,37,129,Male
John,Doe,21,175,Male
John,Doe,28,175,Male
John,Doe,29,131,Male
John,Doe,68,124,Male
John,Doe,22,187,Male
John,Doe,67,119,Male
John,Doe,52,148,Male
John,Doe,38,164,Male
John,Doe,57,190,Male
John,Doe,67,163,Male
John,Doe,54,131,Male
John,Doe,33,174,Male
John,Doe,32,189,Male
John,Doe,58,140,Male
John,Doe,52,129,Male
John,Doe,22,174,Male
John,Doe,29,128,Male
John,Doe,66,113,Male
John,Doe,37,156,Male
John,Doe,68,118,Male
John,Doe,58,195,Male
John,Doe,59,178,Male
John,Doe,21,174,Male
John,Doe,21,125,Male
John,Doe,60,130,Male
John,Doe,68,151,Male
John,Doe,45,174,Male
John,Doe,50,176,Male
John,Doe,41,147,Male
John,Doe,43,133,Male
John,Doe,47,155,Male
John,Doe,49,179,Male
John,Doe,59,120,Male
John,Doe,69,137,Male
John,Doe,47,125,Male
John,Doe,32,118,Male
John,Doe,68,175,Male
John,Doe,64,174,Male
John,Doe,45,152,Male
John,Doe,53,153,Male
John,Doe,61,150,Male
John,Doe,49,134,Male
John,Doe,36,157,Male
John,Doe,30,148,Male
John,Doe,53,116,Male
John,Doe,54,191,Male
John,Doe,22,163,Male
John,Doe,50,120,Male
John,Doe,36,200,Male
John,Doe,70,186,Male
John,Doe,58,170,Male
John,Doe,55,155,Male
John,Doe,20,176,Male
John,Doe,47,177,Male
John,Doe,63,188,Male
John,Doe,30,193,Male
John,Doe,60,194,Male
John,Doe,45,106,Male
John,Doe,68,126,Male
John,Doe,41,121,Male
John,Doe,69,149,Male
John,Doe,55,139,Male
John,Doe,48,136,Male
John,Doe,23,132,Male
John,Doe,24,167,Male
John,Doe,38,153,Male
John,Doe,46,182,Male
John,Doe,58,112,Male
John,Doe,60,104,Male
John,Doe,33,159,Male
John,Doe,18,146,Male
John,Doe,50,179,Male
John,Doe,67,176,Male
John,Doe,23,115,Male
John,Doe,23,156,Male
John,Doe,31,108,Male
John,Doe,47,177,Male
John,Doe,64,127,Male
John,Doe,70,130,Male
John,Doe,70,168,Male
John,Doe,53,124,Male
John,Doe,51,120,Male
John,Doe,44,171,Male
John,Doe,38,198,Male
John,Doe,27,139,Male
John,Doe,31,191,Male
John,Doe,69,186,Male
John,Doe,28,151,Male
John,Doe,64,191,Male
John,Doe,42,181,Male
John,Doe,31,195,Male
John,Doe,29,157,Male
John,Doe,39,130,Male
John,Doe,69,177,Male
John,Doe,67,150,Male
John,Doe,24,149,Male
John,Doe,21,163,Male
John,Doe,66,177,Male
John,Doe,61,141,Male
John,Doe,33,122,Male
John,Doe,37,112,Male
John,Doe,70,173,Male
John,Doe,33,134,Male
John,Doe,24,170,Male
John,Doe,47,137,Male
John,Doe,38,108,Male
John,Doe,62,118,Male
John,Doe,40,172,Male
John,Doe,19,107,Male
John,Doe,59,118,Male
John,Doe,56,163,Male
John,Doe,20,168,Male
John,Doe,32,177,Male
John,Doe,63,134,Male
John,Doe,67,144,Male
John,Doe,54,147,Male
John,Doe,50,124,Male
John,Doe,41,113,Male
John,Doe,68,148,Male
John,Doe,32,106,Male
John,Doe,27,128,Male
John,Doe,28,156,Male
John,Doe,23,103,Male
John,Doe,52,188,Male
John,Doe,28,120,Male
John,Doe,57,175,Male
John,Doe,50,110,Male
John,Doe,44,175,Male
John,Doe,22,131,Male
John,Doe,42,154,Male
John,Doe,44,178,Male
John,Doe,58,112,Male
John,Doe,53,192,Male
John,Doe,42,161,Male
John,Doe,57,129,Male
John,Doe,58,155,Male
John,Doe,60,173,Male
John,Doe,18,144,Male
John,Doe,40,148,Male
John,Doe,47,122,Male
John,Doe,23,198,Male
John,Doe,25,173,Male
John,Doe,55,194,Male
John,Doe,63,151,Male
John,Doe,56,170,Male
John,Doe,20,165,Male
John,Doe,19,173,Male
John,Doe,48,140,Male
John,Doe,45,107,Male
John,Doe,64,119,Male
John,Doe,48,104,Male
John,Doe,25,192,Male
John,Doe,41,119,Male
John,Doe,68,190,Male
John,Doe,23,106,Male
John,Doe,34,160,Male
John,Doe,57,123,Male
John,Doe,40,153,Male
John,Doe,52,103,Male
John,Doe,40,174,Male
John,Doe,21,197,Male
John,Doe,64,104,Male
John,Doe,30,110,Male
John,Doe,45,107,Male
John,Doe,26,160,Male
John,Doe,66,135,Male
John,Doe,49,137,Male
John,Doe,52,106,Male
John,Doe,62,121,Male
John,Doe,32,151,Male
John,Doe,70,197,Male
John,Doe,39,167,Male
John,Doe,38,145,Male
John,Doe,66,180,Male
John,Doe,34,104,Male
John,Doe,58,148,Male
John,Doe,52,114,Male
John,Doe,25,161,Male
John,Doe,27,109,Male
John,Doe,53,134,Male
John,Doe,53,188,Male
John,Doe,57,151,Male
John,Doe,25,197,Male
John,Doe,18,137,Male
John,Doe,48,136,Male
John,Doe,54,143,Male
John,Doe,58,192,Male
John,Doe,57,109,Male
John,Doe,47,120,Male
John,Doe,53,180,Male
John,Doe,28,173,Male
John,Doe,58,110,Male
John,Doe,62,144,Male
John,Doe,55,145,Male
John,Doe,30,105,Male
John,Doe,64,174,Male
John,Doe,46,195,Male
John,Doe,62,111,Male
John,Doe,29,190,Male
John,Doe,45,142,Male
John,Doe,41,153,Male
John,Doe,29,196,Male
John,Doe,36,132,Male
John,Doe,56,173,Male
John,Doe,39,104,Male
John,Doe,20,198,Male
John,Doe,40,189,Male
John,Doe,25,195,Male
John,Doe,23,163,Male
John,Doe,53,171,Male
John,Doe,31,155,Male
John,Doe,25,152,Male
John,Doe,42,195,Male
John,Doe,65,182,Male
John,Doe,21,163,Male
John,Doe,64,167,Male
John,Doe,53,125,Male
John,Doe,36,167,Male
John,Doe,44,181,Male
John,Doe,58,152,Male
John,Doe,55,199,Male
John,Doe,20,118,Male
John,Doe,18,191,Male
John,Doe,34,166,Male
John,Doe,60,191,Male
John,Doe,18,159,Male
John,Doe,30,181,Male
John,Doe,26,190,Male
John,Doe,38,170,Male
John,Doe,43,140,Male
John,Doe,40,192,Male
John,Doe,52,177,Male
John,Doe,26,138,Male
John,Doe,34,117,Male
John,Doe,46,148,Male
John,Doe,41,130,Male
John,Doe,64,114,Male
John,Doe,18,127,Male
John,Doe,44,196,Male
John,Doe,45,156,Male
John,Doe,51,123,Male
John,Doe,18,117,Male
John,Doe,51,129,Male
John,Doe,41,187,Male
John,Doe,22,145,Male
John,Doe,32,181,Male
John,Doe,35,135,Male
John,Doe,22,180,Male
John,Doe,35,128,Male
John,Doe,19,163,Male
John,Doe,50,114,Male
John,Doe,24,132,Male
John,Doe,42,171,Male
John,Doe,55,108,Male
John,Doe,60,190,Male
John,Doe,39,143,Male
John,Doe,27,192,Male
John,Doe,58,119,Male
John,Doe,65,148,Male
John,Doe,25,188,Male
John,Doe,67,144,Male
John,Doe,22,108,Male
John,Doe,28,163,Male
John,Doe,69,153,Male
John,Doe,20,120,Male
John,Doe,67,120,Male
John,Doe,67,189,Male
John,Doe,68,149,Male
John,Doe,24,169,Male
John,Doe,55,192,Male
John,Doe,48,135,Male
John,Doe,21,119,Male
John,Doe,20,185,Male
John,Doe,50,141,Male
John,Doe,48,190,Male
John,Doe,65,185,Male
John,Doe,25,115,Male
John,Doe,54,116,Male
John,Doe,20,103,Male
John,Doe,24,184,Male
John,Doe,56,118,Male
John,Doe,19,161,Male
John,Doe,68,119,Male
John,Doe,44,130,Male
John,Doe,68,128,Male
John,Doe,22,120,Male
John,Doe,59,122,Male
John,Doe,33,159,Male
John,Doe,38,190,Male
John,Doe,20,135,Male
John,Doe,18,157,Male
John,Doe,68,115,Male
John,Doe,33,109,Male
John,Doe,21,179,Male
John,Doe,28,179,Male
John,Doe,41,108,Male
John,Doe,48,187,Male
John,Doe,27,139,Male
John,Doe,35,145,Male
John,Doe,30,185,Male
John,Doe,36,132,Male
John,Doe,41,130,Male
John,Doe,61,170,Male
John,Doe,21,192,Male
John,Doe,63,110,Male
John,Doe,59,115,Male
John,Doe,70,177,Male
John,Doe,62,117,Male
John,Doe,30,188,Male
John,Doe,34,187,Male
John,Doe,24,171,Male
John,Doe,23,117,Male
John,Doe,62,200,Male
John,Doe,51,192,Male
John,Doe,20,190,Male
John,Doe,31,193,Male
John,Doe,53,119,Male
John,Doe,70,169,Male
John,Doe,24,165,Male
John,Doe,35,161,Male
John,Doe,19,114,Male
John,Doe,67,109,Male
John,Doe,18,128,Male
John,Doe,22,180,Male
John,Doe,19,101,Male
John,Doe,26,145,Male
John,Doe,25,137,Male
John,Doe,55,165,Male
John,Doe,29,127,Male
John,Doe,42,183,Male
John,Doe,21,115,Male
John,Doe,64,196,Male
John,Doe,62,186,Male
John,Doe,44,179,Male
John,Doe,59,115,Male
John,Doe,20,159,Male
John,Doe,46,170,Male
John,Doe,62,199,Male
John,Doe,59,101,Male
John,Doe,26,155,Male
John,Doe,65,184,Male
John,Doe,65,102,Male
John,Doe,57,181,Male
John,Doe,59,129,Male
John,Doe,43,134,Male
John,Doe,42,185,Male
John,Doe,27,150,Male
John,Doe,47,188,Male
John,Doe,32,198,Male
John,Doe,31,114,Male
John,Doe,60,130,Male
John,Doe,19,188,Male
John,Doe,69,157,Male
John,Doe,66,144,Male
John,Doe,45,173,Male
John,Doe,64,120,Male
John,Doe,23,191,Male
John,Doe,67,122,Male
John,Doe,32,185,Male
John,Doe,29,103,Male
John,Doe,21,119,Male
John,Doe,34,144,Male
John,Doe,54,120,Male
John,Doe,39,104,Male
John,Doe,26,198,Male
John,Doe,55,180,Male
John,Doe,58,102,Male
John,Doe,58,160,Male
John,Doe,61,101,Male
John,Doe,21,116,Male
John,Doe,65,134,Male
John,Doe,58,175,Male
John,Doe,42,127,Male
John,Doe,56,127,Male
John,Doe,48,132,Male
John,Doe,50,143,Male
John,Doe,58,121,Male
John,Doe,21,160,Male
John,Doe,70,158,Male
John,Doe,28,176,Male
John,Doe,26,186,Male
John,Doe,33,155,Male
John,Doe,19,107,Male
John,Doe,40,108,Male
John,Doe,26,133,Male
John,Doe,39,125,Male
John,Doe,59,104,Male
John,Doe,25,173,Male
John,Doe,40,156,Male
John,Doe,69,141,Male
John,Doe,43,113,Male
John,Doe,42,183,Male
John,Doe,37,128,Male
John,Doe,19,155,Male
John,Doe,68,115,Male
John,Doe,49,123,Male
John,Doe,61,130,Male
John,Doe,70,104,Male
John,Doe,20,122,Male
John,Doe,56,139,Male
John,Doe,62,164,Male
John,Doe,24,124,Male
John,Doe,66,135,Male
John,Doe,52,172,Male
John,Doe,22,134,Male
John,Doe,27,143,Male
John,Doe,50,179,Male
John,Doe,33,103,Male
John,Doe,38,146,Male
John,Doe,28,174,Male
John,Doe,20,188,Male
John,Doe,25,200,Male
John,Doe,56,117,Male
John,Doe,40,148,Male
John,Doe,20,109,Male
John,Doe,53,120,Male
John,Doe,62,158,Male
John,Doe,48,183,Male
John,Doe,18,123,Male
John,Doe,66,100,Male
John,Doe,51,132,Male
John,Doe,43,161,Male
John,Doe,69,116,Male
John,Doe,51,103,Male
John,Doe,19,197,Male
John,Doe,52,159,Male
John,Doe,19,199,Male
John,Doe,36,197,Male
John,Doe,44,112,Male
John,Doe,45,175,Male
John,Doe,66,117,Male
John,Doe,53,199,Male
John,Doe,53,198,Male
John,Doe,50,102,Male
John,Doe,29,145,Male
John,Doe,19,116,Male
John,Doe,47,118,Male
John,Doe,23,173,Male
John,Doe,39,153,Male
John,Doe,19,156,Male
John,Doe,47,140,Male
John,Doe,42,108,Male
John,Doe,41,109,Male
John,Doe,27,185,Male
John,Doe,30,161,Male
John,Doe,35,189,Male
John,Doe,55,116,Male
John,Doe,22,146,Male
John,Doe,52,149,Male
John,Doe,68,100,Male
John,Doe,47,160,Male
John,Doe,61,157,Male
John,Doe,67,149,Male
John,Doe,19,185,Male
John,Doe,64,162,Male
John,Doe,47,198,Male
John,Doe,23,196,Male
John,Doe,28,152,Male
John,Doe,55,159,Male
John,Doe,46,157,Male
John,Doe,60,176,Male
John,Doe,59,161,Male
John,Doe,24,114,Male
John,Doe,41,139,Male
John,Doe,22,165,Male
John,Doe,22,192,Male
John,Doe,49,102,Male
John,Doe,70,196,Male
John,Doe,48,189,Male
John,Doe,26,196,Male
John,Doe,21,132,Male
John,Doe,68,162,Male
John,Doe,20,135,Male
John,Doe,59,176,Male
John,Doe,69,156,Male
John,Doe,57,105,Male
John,Doe,68,137,Male
John,Doe,28,180,Male
John,Doe,60,121,Male
John,Doe,41,180,Male
John,Doe,20,164,Male
John,Doe,58,123,Male
John,Doe,46,165,Male
John,Doe,38,108,Male
John,Doe,68,123,Male
John,Doe,68,183,Male
John,Doe,41,159,Male
John,Doe,45,148,Male
John,Doe,60,117,Male
John,Doe,47,178,Male
John,Doe,36,169,Male
John,Doe,39,153,Male
John,Doe,65,102,Male
John,Doe,69,121,Male
John,Doe,61,119,Male
John,Doe,25,137,Male
John,Doe,41,136,Male
John,Doe,66,142,Male
John,Doe,48,173,Male
John,Doe,21,140,Male
John,Doe,69,171,Male
John,Doe,60,174,Male
John,Doe,50,193,Male
John,Doe,51,135,Male
John,Doe,63,172,Male
John,Doe,18,164,Male
John,Doe,52,167,Male
John,Doe,41,136,Male
John,Doe,30,122,Male
John,Doe,35,152,Male
John,Doe,54,117,Male
John,Doe,31,176,Male
John,Doe,22,157,Male
John,Doe,37,107,Male
John,Doe,54,109,Male
John,Doe,66,107,Male
John,Doe,23,116,Male
John,Doe,60,165,Male
John,Doe,64,167,Male
John,Doe,66,198,Male
John,Doe,39,161,Male
John,Doe,36,110,Male
John,Doe,28,151,Male
John,Doe,56,179,Male
John,Doe,66,155,Male
John,Doe,27,134,Male
John,Doe,38,155,Male
John,Doe,56,179,Male
John,Doe,41,104,Male
John,Doe,52,104,Male
John,Doe,47,155,Male
John,Doe,53,177,Male
John,Doe,61,193,Male
John,Doe,46,148,Male
John,Doe,63,180,Male
John,Doe,43,156,Male
John,Doe,34,136,Male
John,Doe,24,106,Male
John,Doe,61,116,Male
John,Doe,47,157,Male
John,Doe,63,159,Male
John,Doe,26,113,Male
John,Doe,66,157,Male
John,Doe,54,155,Male
John,Doe,41,102,Male
John,Doe,28,184,Male
John,Doe,18,187,Male
John,Doe,40,185,Male
John,Doe,68,159,Male
John,Doe,33,126,Male
John,Doe,69,124,Male
John,Doe,67,112,Male
John,Doe,21,163,Male
John,Doe,19,102,Male
John,Doe,40,165,Male
John,Doe,69,129,Male
John,Doe,43,108,Male
John,Doe,28,197,Male
John,Doe,38,153,Male
John,Doe,63,124,Male
John,Doe,31,199,Male
John,Doe,19,184,Male
John,Doe,49,164,Male
John,Doe,46,145,Male
John,Doe,68,127,Male
John,Doe,24,123,Male
John,Doe,64,130,Male
John,Doe,49,160,Male
John,Doe,52,102,Male
John,Doe,21,128,Male
John,Doe,46,165,Male
John,Doe,23,180,Male
John,Doe,20,191,Male
John,Doe,37,194,Male
John,Doe,53,145,Male
John,Doe,42,141,Male
John,Doe,56,104,Male
John,Doe,18,199,Male
John,Doe,29,109,Male
John,Doe,46,143,Male
John,Doe,22,158,Male
John,Doe,22,116,Male
John,Doe,45,174,Male
John,Doe,40,118,Male
John,Doe,43,159,Male
John,Doe,34,136,Male
John,Doe,42,158,Male
John,Doe,55,160,Male
John,Doe,64,123,Male
John,Doe,59,169,Male
John,Doe,32,161,Male
John,Doe,59,149,Male
John,Doe,60,171,Male
John,Doe,44,183,Male
John,Doe,33,161,Male
John,Doe,38,156,Male
John,Doe,44,164,Male
John,Doe,28,196,Male
John,Doe,48,195,Male
John,Doe,32,132,Male
John,Doe,43,118,Male
John,Doe,41,107,Male
John,Doe,25,109,Male
John,Doe,68,115,Male
John,Doe,35,142,Male
John,Doe,23,199,Male
John,Doe,34,185,Male
John,Doe,25,148,Male
John,Doe,60,159,Male
John,Doe,36,182,Male
John,Doe,30,159,Male
John,Doe,65,189,Male
John,Doe,29,174,Male
John,Doe,64,182,Male
John,Doe,38,176,Male
John,Doe,19,194,Male
John,Doe,68,146,Male
John,Doe,28,110,Male
John,Doe,26,171,Male
John,Doe,36,172,Male
John,Doe,58,135,Male
John,Doe,44,187,Male
John,Doe,44,139,Male
John,Doe,31,165,Male
John,Doe,44,172,Male
John,Doe,26,199,Male
John,Doe,49,146,Male
John,Doe,22,190,Male
John,Doe,33,156,Male
John,Doe,63,141,Male
John,Doe,29,113,Male
John,Doe,58,158,Male
John,Doe,38,118,Male
John,Doe,19,185,Male
John,Doe,52,104,Male
John,Doe,34,109,Male
John,Doe,31,164,Male
John,Doe,20,188,Male
John,Doe,22,102,Male
John,Doe,38,182,Male
John,Doe,44,122,Male
John,Doe,35,166,Male
John,Doe,49,104,Male
John,Doe,35,150,Male
John,Doe,38,129,Male
John,Doe,61,160,Male
John,Doe,62,193,Male
John,Doe,44,163,Male
John,Doe,48,193,Male
John,Doe,43,131,Male
John,Doe,37,140,Male
John,Doe,70,145,Male
John,Doe,39,105,Male
John,Doe,56,196,Male
John,Doe,39,121,Male
John,Doe,61,126,Male
John,Doe,27,104,Male
John,Doe,66,200,Male
John,Doe,60,111,Male
John,Doe,69,135,Male
John,Doe,62,153,Male
John,Doe,43,135,Male
John,Doe,30,172,Male
John,Doe,31,132,Male
John,Doe,25,142,Male
John,Doe,33,116,Male
John,Doe,47,107,Male
John,Doe,42,109,Male
John,Doe,30,188,Male
John,Doe,31,154,Male
John,Doe,34,138,Male
John,Doe,23,117,Male
John,Doe,43,156,Male
John,Doe,40,179,Male
John,Doe,18,151,Male
John,Doe,61,147,Male
John,Doe,68,112,Male
John,Doe,43,183,Male
John,Doe,67,165,Male
John,Doe,29,169,Male
John,Doe,60,141,Male
John,Doe,61,198,Male
John,Doe,66,165,Male
John,Doe,55,110,Male
John,Doe,49,183,Male
John,Doe,58,194,Male
John,Doe,63,144,Male
John,Doe,20,146,Male
John,Doe,40,130,Male
John,Doe,64,167,Male
John,Doe,33,147,Male
John,Doe,34,163,Male
John,Doe,49,183,Male
John,Doe,29,143,Male
John,Doe,49,163,Male
John,Doe,26,158,Male
John,Doe,52,157,Male
John,Doe,57,190,Male
John,Doe,47,112,Male
John,Doe,31,184,Male
John,Doe,62,132,Male
John,Doe,28,118,Male
John,Doe,57,190,Male
John,Doe,50,151,Male
John,Doe,22,100,Male
John,Doe,38,162,Male
John,Doe,59,155,Male
John,Doe,38,133,Male
John,Doe,23,119,Male
John,Doe,37,109,Male
John,Doe,40,127,Male
John,Doe,44,196,Male
John,Doe,53,118,Male
John,Doe,33,129,Male
John,Doe,54,114,Male
John,Doe,66,130,Male
John,Doe,20,103,Male
John,Doe,61,197,Male
John,Doe,32,112,Male
John,Doe,64,170,Male
John,Doe,29,171,Male
John,Doe,36,159,Male
John,Doe,30,154,Male
John,Doe,60,109,Male
John,Doe,27,141,Male
John,Doe,59,135,Male
John,Doe,57,116,Male
John,Doe,39,157,Male
John,Doe,61,124,Male
John,Doe,45,156,Male
John,Doe,50,132,Male
John,Doe,61,194,Male
John,Doe,23,108,Male
John,Doe,48,175,Male
John,Doe,56,143,Male
John,Doe,21,199,Male
John,Doe,34,168,Male
John,Doe,64,172,Male
John,Doe,66,191,Male
John,Doe,56,111,Male
John,Doe,37,119,Male
John,Doe,24,128,Male
John,Doe,36,156,Male
John,Doe,47,189,Male
John,Doe,50,125,Male
John,Doe,25,102,Male
John,Doe,49,132,Male
John,Doe,22,189,Male
John,Doe,65,142,Male
John,Doe,44,115,Male
John,Doe,69,106,Male
John,Doe,37,174,Male
John,Doe,36,181,Male
John,Doe,20,107,Male
John,Doe,32,170,Male
John,Doe,52,193,Male
John,Doe,45,141,Male
John,Doe,28,142,Male
John,Doe,28,153,Male
John,Doe,48,154,Male
John,Doe,46,169,Male
John,Doe,24,147,Male
John,Doe,33,103,Male
John,Doe,38,199,Male
John,Doe,49,200,Male
John,Doe,61,150,Male
John,Doe,39,157,Male
John,Doe,25,131,Male
John,Doe,61,138,Male
John,Doe,67,155,Male
John,Doe,45,148,Male
John,Doe,49,193,Male
John,Doe,50,121,Male
John,Doe,44,119,Male
John,Doe,24,166,Male
John,Doe,53,136,Male
John,Doe,62,197,Male
John,Doe,50,128,Male
John,Doe,67,190,Male
John,Doe,41,131,Male
John,Doe,40,105,Male
John,Doe,43,128,Male
John,Doe,64,114,Male
John,Doe,45,195,Male
John,Doe,31,188,Male
John,Doe,49,183,Male
John,Doe,49,102,Male
John,Doe,19,105,Male
John,Doe,22,120,Male
John,Doe,63,107,Male
John,Doe,46,119,Male
John,Doe,63,193,Male
John,Doe,35,146,Male
John,Doe,53,145,Male
John,Doe,68,186,Male
John,Doe,37,193,Male
John,Doe,67,162,Male
John,Doe,25,146,Male
John,Doe,70,132,Male
John,Doe,20,146,Male
John,Doe,55,156,Male
John,Doe,67,125,Male
John,Doe,21,185,Male
John,Doe,58,182,Male
John,Doe,67,156,Male
John,Doe,28,173,Male
John,Doe,19,138,Male
John,Doe,59,122,Male
